CO2,Country of birth/nationality,VAR,Variable,GEN,Gender,COU,Country,YEA,Year,Value,Flag Codes,Flags
VNM,Viet Nam,B12,Outflows of foreign population by nationality,TOT,Total,AUS,Australia,2000,2000,22,,
VNM,Viet Nam,B12,Outflows of foreign population by nationality,TOT,Total,AUS,Australia,2001,2001,46,,
VNM,Viet Nam,B12,Outflows of foreign population by nationality,TOT,Total,AUS,Australia,2004,2004,842,,
VNM,Viet Nam,B12,Outflows of foreign population by nationality,TOT,Total,AUS,Australia,2005,2005,790,,
VNM,Viet Nam,B12,Outflows of foreign population by nationality,TOT,Total,AUS,Australia,2006,2006,923,,
VNM,Viet Nam,B12,Outflows of foreign population by nationality,TOT,Total,AUS,Australia,2007,2007,905,,
VNM,Viet Nam,B12,Outflows of foreign population by nationality,TOT,Total,AUS,Australia,2008,2008,819,,
VNM,Viet Nam,B12,Outflows of foreign population by nationality,TOT,Total,AUS,Australia,2009,2009,691,,
VNM,Viet Nam,B12,Outflows of foreign population by nationality,TOT,Total,AUS,Australia,2010,2010,702,,
VNM,Viet Nam,B12,Outflows of foreign population by nationality,TOT,Total,AUS,Australia,2011,2011,780,,
VNM,Viet Nam,B12,Outflows of foreign population by nationality,TOT,Total,AUS,Australia,2012,2012,669,,
VNM,Viet Nam,B12,Outflows of foreign population by nationality,TOT,Total,AUS,Australia,2013,2013,621,,
VNM,Viet Nam,B12,Outflows of foreign population by nationality,TOT,Total,AUS,Australia,2014,2014,565,,
VNM,Viet Nam,B12,Outflows of foreign population by nationality,TOT,Total,AUS,Australia,2015,2015,600,,
VNM,Viet Nam,B12,Outflows of foreign population by nationality,TOT,Total,AUS,Australia,2016,2016,600,,
VNM,Viet Nam,B12,Outflows of foreign population by nationality,TOT,Total,AUT,Austria,2000,2000,24,,
VNM,Viet Nam,B12,Outflows of foreign population by nationality,TOT,Total,AUT,Austria,2001,2001,23,,
VNM,Viet Nam,B12,Outflows of foreign population by nationality,TOT,Total,AUT,Austria,2002,2002,38,,
VNM,Viet Nam,B12,Outflows of foreign population by nationality,TOT,Total,AUT,Austria,2003,2003,24,,
VNM,Viet Nam,B12,Outflows of foreign population by nationality,TOT,Total,AUT,Austria,2004,2004,28,,
VNM,Viet Nam,B12,Outflows of foreign population by nationality,TOT,Total,AUT,Austria,2005,2005,27,,
VNM,Viet Nam,B12,Outflows of foreign population by nationality,TOT,Total,AUT,Austria,2006,2006,27,,
VNM,Viet Nam,B12,Outflows of foreign population by nationality,TOT,Total,AUT,Austria,2007,2007,45,,
VNM,Viet Nam,B12,Outflows of foreign population by nationality,TOT,Total,AUT,Austria,2008,2008,49,,
VNM,Viet Nam,B12,Outflows of foreign population by nationality,TOT,Total,AUT,Austria,2009,2009,76,,
VNM,Viet Nam,B12,Outflows of foreign population by nationality,TOT,Total,AUT,Austria,2010,2010,56,,
VNM,Viet Nam,B12,Outflows of foreign population by nationality,TOT,Total,AUT,Austria,2011,2011,62,,
VNM,Viet Nam,B12,Outflows of foreign population by nationality,TOT,Total,AUT,Austria,2012,2012,72,,
VNM,Viet Nam,B12,Outflows of foreign population by nationality,TOT,Total,AUT,Austria,2013,2013,63,,
VNM,Viet Nam,B12,Outflows of foreign population by nationality,TOT,Total,AUT,Austria,2014,2014,41,,
VNM,Viet Nam,B12,Outflows of foreign population by nationality,TOT,Total,AUT,Austria,2015,2015,80,,
VNM,Viet Nam,B12,Outflows of foreign population by nationality,TOT,Total,AUT,Austria,2016,2016,73,,
VNM,Viet Nam,B12,Outflows of foreign population by nationality,TOT,Total,AUT,Austria,2017,2017,83,,
VNM,Viet Nam,B12,Outflows of foreign population by nationality,TOT,Total,AUT,Austria,2018,2018,105,,
VNM,Viet Nam,B12,Outflows of foreign population by nationality,TOT,Total,AUT,Austria,2019,2019,120,,
VNM,Viet Nam,B12,Outflows of foreign population by nationality,TOT,Total,AUT,Austria,2020,2020,91,,
VNM,Viet Nam,B12,Outflows of foreign population by nationality,TOT,Total,BEL,Belgium,2008,2008,171,,
VNM,Viet Nam,B12,Outflows of foreign population by nationality,TOT,Total,BEL,Belgium,2009,2009,167,,
VNM,Viet Nam,B12,Outflows of foreign population by nationality,TOT,Total,BEL,Belgium,2010,2010,136,,
VNM,Viet Nam,B12,Outflows of foreign population by nationality,TOT,Total,BEL,Belgium,2011,2011,161,,
VNM,Viet Nam,B12,Outflows of foreign population by nationality,TOT,Total,BEL,Belgium,2012,2012,172,,
VNM,Viet Nam,B12,Outflows of foreign population by nationality,TOT,Total,BEL,Belgium,2013,2013,146,,
VNM,Viet Nam,B12,Outflows of foreign population by nationality,TOT,Total,BEL,Belgium,2014,2014,187,,
VNM,Viet Nam,B12,Outflows of foreign population by nationality,TOT,Total,BEL,Belgium,2015,2015,139,,
VNM,Viet Nam,B12,Outflows of foreign population by nationality,TOT,Total,BEL,Belgium,2016,2016,174,,
VNM,Viet Nam,B12,Outflows of foreign population by nationality,TOT,Total,BEL,Belgium,2017,2017,183,,
VNM,Viet Nam,B12,Outflows of foreign population by nationality,TOT,Total,BEL,Belgium,2018,2018,141,,
VNM,Viet Nam,B12,Outflows of foreign population by nationality,TOT,Total,BEL,Belgium,2019,2019,138,,
VNM,Viet Nam,B12,Outflows of foreign population by nationality,TOT,Total,BEL,Belgium,2020,2020,139,,
VNM,Viet Nam,B12,Outflows of foreign population by nationality,TOT,Total,CZE,Czech Republic,2000,2000,3,,
VNM,Viet Nam,B12,Outflows of foreign population by nationality,TOT,Total,CZE,Czech Republic,2001,2001,799,,
VNM,Viet Nam,B12,Outflows of foreign population by nationality,TOT,Total,CZE,Czech Republic,2002,2002,1270,,
VNM,Viet Nam,B12,Outflows of foreign population by nationality,TOT,Total,CZE,Czech Republic,2003,2003,931,,
VNM,Viet Nam,B12,Outflows of foreign population by nationality,TOT,Total,CZE,Czech Republic,2004,2004,770,,
VNM,Viet Nam,B12,Outflows of foreign population by nationality,TOT,Total,CZE,Czech Republic,2005,2005,1417,,
VNM,Viet Nam,B12,Outflows of foreign population by nationality,TOT,Total,CZE,Czech Republic,2006,2006,2350,,
VNM,Viet Nam,B12,Outflows of foreign population by nationality,TOT,Total,CZE,Czech Republic,2007,2007,1051,,
VNM,Viet Nam,B12,Outflows of foreign population by nationality,TOT,Total,CZE,Czech Republic,2008,2008,69,,
VNM,Viet Nam,B12,Outflows of foreign population by nationality,TOT,Total,CZE,Czech Republic,2009,2009,37,,
VNM,Viet Nam,B12,Outflows of foreign population by nationality,TOT,Total,CZE,Czech Republic,2010,2010,36,,
VNM,Viet Nam,B12,Outflows of foreign population by nationality,TOT,Total,CZE,Czech Republic,2011,2011,53,,
VNM,Viet Nam,B12,Outflows of foreign population by nationality,TOT,Total,CZE,Czech Republic,2012,2012,1663,,
VNM,Viet Nam,B12,Outflows of foreign population by nationality,TOT,Total,CZE,Czech Republic,2013,2013,2371,,
VNM,Viet Nam,B12,Outflows of foreign population by nationality,TOT,Total,CZE,Czech Republic,2014,2014,1899,,
VNM,Viet Nam,B12,Outflows of foreign population by nationality,TOT,Total,CZE,Czech Republic,2015,2015,1534,,
VNM,Viet Nam,B12,Outflows of foreign population by nationality,TOT,Total,CZE,Czech Republic,2016,2016,1211,,
VNM,Viet Nam,B12,Outflows of foreign population by nationality,TOT,Total,CZE,Czech Republic,2017,2017,880,,
VNM,Viet Nam,B12,Outflows of foreign population by nationality,TOT,Total,CZE,Czech Republic,2018,2018,1089,,
VNM,Viet Nam,B12,Outflows of foreign population by nationality,TOT,Total,CZE,Czech Republic,2019,2019,881,,
VNM,Viet Nam,B12,Outflows of foreign population by nationality,TOT,Total,CZE,Czech Republic,2020,2020,618,,
VNM,Viet Nam,B12,Outflows of foreign population by nationality,TOT,Total,DNK,Denmark,2000,2000,45,,
VNM,Viet Nam,B12,Outflows of foreign population by nationality,TOT,Total,DNK,Denmark,2001,2001,41,,
VNM,Viet Nam,B12,Outflows of foreign population by nationality,TOT,Total,DNK,Denmark,2002,2002,42,,
VNM,Viet Nam,B12,Outflows of foreign population by nationality,TOT,Total,DNK,Denmark,2003,2003,55,,
VNM,Viet Nam,B12,Outflows of foreign population by nationality,TOT,Total,DNK,Denmark,2004,2004,40,,
VNM,Viet Nam,B12,Outflows of foreign population by nationality,TOT,Total,DNK,Denmark,2005,2005,46,,
VNM,Viet Nam,B12,Outflows of foreign population by nationality,TOT,Total,DNK,Denmark,2006,2006,68,,
VNM,Viet Nam,B12,Outflows of foreign population by nationality,TOT,Total,DNK,Denmark,2007,2007,59,,
VNM,Viet Nam,B12,Outflows of foreign population by nationality,TOT,Total,DNK,Denmark,2008,2008,75,,
VNM,Viet Nam,B12,Outflows of foreign population by nationality,TOT,Total,DNK,Denmark,2009,2009,58,,
VNM,Viet Nam,B12,Outflows of foreign population by nationality,TOT,Total,DNK,Denmark,2010,2010,76,,
VNM,Viet Nam,B12,Outflows of foreign population by nationality,TOT,Total,DNK,Denmark,2011,2011,107,,
VNM,Viet Nam,B12,Outflows of foreign population by nationality,TOT,Total,DNK,Denmark,2012,2012,72,,
VNM,Viet Nam,B12,Outflows of foreign population by nationality,TOT,Total,DNK,Denmark,2013,2013,102,,
VNM,Viet Nam,B12,Outflows of foreign population by nationality,TOT,Total,DNK,Denmark,2014,2014,54,,
VNM,Viet Nam,B12,Outflows of foreign population by nationality,TOT,Total,DNK,Denmark,2015,2015,63,,
VNM,Viet Nam,B12,Outflows of foreign population by nationality,TOT,Total,DNK,Denmark,2016,2016,80,,
VNM,Viet Nam,B12,Outflows of foreign population by nationality,TOT,Total,DNK,Denmark,2017,2017,114,,
VNM,Viet Nam,B12,Outflows of foreign population by nationality,TOT,Total,DNK,Denmark,2018,2018,123,,
VNM,Viet Nam,B12,Outflows of foreign population by nationality,TOT,Total,DNK,Denmark,2019,2019,149,,
VNM,Viet Nam,B12,Outflows of foreign population by nationality,TOT,Total,DNK,Denmark,2020,2020,127,,
VNM,Viet Nam,B12,Outflows of foreign population by nationality,TOT,Total,FIN,Finland,2000,2000,19,,
VNM,Viet Nam,B12,Outflows of foreign population by nationality,TOT,Total,FIN,Finland,2001,2001,3,,
VNM,Viet Nam,B12,Outflows of foreign population by nationality,TOT,Total,FIN,Finland,2002,2002,6,,
VNM,Viet Nam,B12,Outflows of foreign population by nationality,TOT,Total,FIN,Finland,2003,2003,13,,
VNM,Viet Nam,B12,Outflows of foreign population by nationality,TOT,Total,FIN,Finland,2004,2004,15,,
VNM,Viet Nam,B12,Outflows of foreign population by nationality,TOT,Total,FIN,Finland,2005,2005,13,,
VNM,Viet Nam,B12,Outflows of foreign population by nationality,TOT,Total,FIN,Finland,2006,2006,21,,
VNM,Viet Nam,B12,Outflows of foreign population by nationality,TOT,Total,FIN,Finland,2007,2007,10,,
VNM,Viet Nam,B12,Outflows of foreign population by nationality,TOT,Total,FIN,Finland,2008,2008,18,,
VNM,Viet Nam,B12,Outflows of foreign population by nationality,TOT,Total,FIN,Finland,2009,2009,20,,
VNM,Viet Nam,B12,Outflows of foreign population by nationality,TOT,Total,FIN,Finland,2010,2010,23,,
VNM,Viet Nam,B12,Outflows of foreign population by nationality,TOT,Total,FIN,Finland,2011,2011,23,,
VNM,Viet Nam,B12,Outflows of foreign population by nationality,TOT,Total,FIN,Finland,2012,2012,17,,
VNM,Viet Nam,B12,Outflows of foreign population by nationality,TOT,Total,FIN,Finland,2013,2013,33,,
VNM,Viet Nam,B12,Outflows of foreign population by nationality,TOT,Total,FIN,Finland,2014,2014,44,,
VNM,Viet Nam,B12,Outflows of foreign population by nationality,TOT,Total,FIN,Finland,2015,2015,30,,
VNM,Viet Nam,B12,Outflows of foreign population by nationality,TOT,Total,FIN,Finland,2016,2016,54,,
VNM,Viet Nam,B12,Outflows of foreign population by nationality,TOT,Total,FIN,Finland,2017,2017,41,,
VNM,Viet Nam,B12,Outflows of foreign population by nationality,TOT,Total,FIN,Finland,2018,2018,78,,
VNM,Viet Nam,B12,Outflows of foreign population by nationality,TOT,Total,FIN,Finland,2019,2019,103,,
VNM,Viet Nam,B12,Outflows of foreign population by nationality,TOT,Total,FIN,Finland,2020,2020,97,,
VNM,Viet Nam,B12,Outflows of foreign population by nationality,TOT,Total,DEU,Germany,2000,2000,4238,,
VNM,Viet Nam,B12,Outflows of foreign population by nationality,TOT,Total,DEU,Germany,2001,2001,3262,,
VNM,Viet Nam,B12,Outflows of foreign population by nationality,TOT,Total,DEU,Germany,2002,2002,4394,,
VNM,Viet Nam,B12,Outflows of foreign population by nationality,TOT,Total,DEU,Germany,2003,2003,4722,,
VNM,Viet Nam,B12,Outflows of foreign population by nationality,TOT,Total,DEU,Germany,2004,2004,4971,,
VNM,Viet Nam,B12,Outflows of foreign population by nationality,TOT,Total,DEU,Germany,2005,2005,4176,,
VNM,Viet Nam,B12,Outflows of foreign population by nationality,TOT,Total,DEU,Germany,2006,2006,4411,,
VNM,Viet Nam,B12,Outflows of foreign population by nationality,TOT,Total,DEU,Germany,2007,2007,3832,,
VNM,Viet Nam,B12,Outflows of foreign population by nationality,TOT,Total,DEU,Germany,2008,2008,4313,,
VNM,Viet Nam,B12,Outflows of foreign population by nationality,TOT,Total,DEU,Germany,2009,2009,3720,,
VNM,Viet Nam,B12,Outflows of foreign population by nationality,TOT,Total,DEU,Germany,2010,2010,3267,,
VNM,Viet Nam,B12,Outflows of foreign population by nationality,TOT,Total,DEU,Germany,2011,2011,2990,,
VNM,Viet Nam,B12,Outflows of foreign population by nationality,TOT,Total,DEU,Germany,2012,2012,2411,,
VNM,Viet Nam,B12,Outflows of foreign population by nationality,TOT,Total,DEU,Germany,2013,2013,2535,,
VNM,Viet Nam,B12,Outflows of foreign population by nationality,TOT,Total,DEU,Germany,2014,2014,2347,,
VNM,Viet Nam,B12,Outflows of foreign population by nationality,TOT,Total,DEU,Germany,2015,2015,2393,,
VNM,Viet Nam,B12,Outflows of foreign population by nationality,TOT,Total,DEU,Germany,2016,2016,2811,,
VNM,Viet Nam,B12,Outflows of foreign population by nationality,TOT,Total,DEU,Germany,2017,2017,2601,,
VNM,Viet Nam,B12,Outflows of foreign population by nationality,TOT,Total,DEU,Germany,2018,2018,2981,,
VNM,Viet Nam,B12,Outflows of foreign population by nationality,TOT,Total,DEU,Germany,2019,2019,3330,,
VNM,Viet Nam,B12,Outflows of foreign population by nationality,TOT,Total,DEU,Germany,2020,2020,2237,,
VNM,Viet Nam,B12,Outflows of foreign population by nationality,TOT,Total,HUN,Hungary,2000,2000,11,,
VNM,Viet Nam,B12,Outflows of foreign population by nationality,TOT,Total,HUN,Hungary,2001,2001,3,,
VNM,Viet Nam,B12,Outflows of foreign population by nationality,TOT,Total,HUN,Hungary,2002,2002,20,,
VNM,Viet Nam,B12,Outflows of foreign population by nationality,TOT,Total,HUN,Hungary,2003,2003,14,,
VNM,Viet Nam,B12,Outflows of foreign population by nationality,TOT,Total,HUN,Hungary,2004,2004,64,,
VNM,Viet Nam,B12,Outflows of foreign population by nationality,TOT,Total,HUN,Hungary,2005,2005,59,,
VNM,Viet Nam,B12,Outflows of foreign population by nationality,TOT,Total,HUN,Hungary,2006,2006,206,,
VNM,Viet Nam,B12,Outflows of foreign population by nationality,TOT,Total,HUN,Hungary,2007,2007,64,,
VNM,Viet Nam,B12,Outflows of foreign population by nationality,TOT,Total,HUN,Hungary,2008,2008,34,,
VNM,Viet Nam,B12,Outflows of foreign population by nationality,TOT,Total,HUN,Hungary,2009,2009,20,,
VNM,Viet Nam,B12,Outflows of foreign population by nationality,TOT,Total,HUN,Hungary,2010,2010,47,,
VNM,Viet Nam,B12,Outflows of foreign population by nationality,TOT,Total,HUN,Hungary,2011,2011,22,,
VNM,Viet Nam,B12,Outflows of foreign population by nationality,TOT,Total,HUN,Hungary,2012,2012,14,,
VNM,Viet Nam,B12,Outflows of foreign population by nationality,TOT,Total,HUN,Hungary,2013,2013,91,,
VNM,Viet Nam,B12,Outflows of foreign population by nationality,TOT,Total,HUN,Hungary,2014,2014,51,,
VNM,Viet Nam,B12,Outflows of foreign population by nationality,TOT,Total,HUN,Hungary,2015,2015,34,,
VNM,Viet Nam,B12,Outflows of foreign population by nationality,TOT,Total,HUN,Hungary,2016,2016,56,,
VNM,Viet Nam,B12,Outflows of foreign population by nationality,TOT,Total,HUN,Hungary,2017,2017,76,,
VNM,Viet Nam,B12,Outflows of foreign population by nationality,TOT,Total,HUN,Hungary,2018,2018,43,,
VNM,Viet Nam,B12,Outflows of foreign population by nationality,TOT,Total,HUN,Hungary,2019,2019,156,,
VNM,Viet Nam,B12,Outflows of foreign population by nationality,TOT,Total,HUN,Hungary,2020,2020,823,,
VNM,Viet Nam,B12,Outflows of foreign population by nationality,TOT,Total,ISL,Iceland,2000,2000,0,,
VNM,Viet Nam,B12,Outflows of foreign population by nationality,TOT,Total,ISL,Iceland,2001,2001,2,,
VNM,Viet Nam,B12,Outflows of foreign population by nationality,TOT,Total,ISL,Iceland,2002,2002,1,,
VNM,Viet Nam,B12,Outflows of foreign population by nationality,TOT,Total,ISL,Iceland,2003,2003,2,,
VNM,Viet Nam,B12,Outflows of foreign population by nationality,TOT,Total,ISL,Iceland,2004,2004,5,,
VNM,Viet Nam,B12,Outflows of foreign population by nationality,TOT,Total,ISL,Iceland,2005,2005,1,,
VNM,Viet Nam,B12,Outflows of foreign population by nationality,TOT,Total,ISL,Iceland,2006,2006,0,,
VNM,Viet Nam,B12,Outflows of foreign population by nationality,TOT,Total,ISL,Iceland,2007,2007,8,,
VNM,Viet Nam,B12,Outflows of foreign population by nationality,TOT,Total,ISL,Iceland,2008,2008,7,,
VNM,Viet Nam,B12,Outflows of foreign population by nationality,TOT,Total,ISL,Iceland,2009,2009,5,,
VNM,Viet Nam,B12,Outflows of foreign population by nationality,TOT,Total,ISL,Iceland,2010,2010,1,,
VNM,Viet Nam,B12,Outflows of foreign population by nationality,TOT,Total,ISL,Iceland,2011,2011,8,,
VNM,Viet Nam,B12,Outflows of foreign population by nationality,TOT,Total,ISL,Iceland,2012,2012,1,,
VNM,Viet Nam,B12,Outflows of foreign population by nationality,TOT,Total,ISL,Iceland,2013,2013,4,,
VNM,Viet Nam,B12,Outflows of foreign population by nationality,TOT,Total,ISL,Iceland,2014,2014,7,,
VNM,Viet Nam,B12,Outflows of foreign population by nationality,TOT,Total,ISL,Iceland,2015,2015,6,,
VNM,Viet Nam,B12,Outflows of foreign population by nationality,TOT,Total,ISL,Iceland,2016,2016,6,,
VNM,Viet Nam,B12,Outflows of foreign population by nationality,TOT,Total,ISL,Iceland,2017,2017,6,,
VNM,Viet Nam,B12,Outflows of foreign population by nationality,TOT,Total,ISL,Iceland,2018,2018,6,,
VNM,Viet Nam,B12,Outflows of foreign population by nationality,TOT,Total,ISL,Iceland,2019,2019,13,,
VNM,Viet Nam,B12,Outflows of foreign population by nationality,TOT,Total,ISL,Iceland,2020,2020,9,,
VNM,Viet Nam,B12,Outflows of foreign population by nationality,TOT,Total,ITA,Italy,2000,2000,3,,
VNM,Viet Nam,B12,Outflows of foreign population by nationality,TOT,Total,ITA,Italy,2002,2002,5,,
VNM,Viet Nam,B12,Outflows of foreign population by nationality,TOT,Total,ITA,Italy,2003,2003,5,,
VNM,Viet Nam,B12,Outflows of foreign population by nationality,TOT,Total,ITA,Italy,2004,2004,17,,
VNM,Viet Nam,B12,Outflows of foreign population by nationality,TOT,Total,ITA,Italy,2005,2005,8,,
VNM,Viet Nam,B12,Outflows of foreign population by nationality,TOT,Total,ITA,Italy,2006,2006,11,,
VNM,Viet Nam,B12,Outflows of foreign population by nationality,TOT,Total,ITA,Italy,2007,2007,5,,
VNM,Viet Nam,B12,Outflows of foreign population by nationality,TOT,Total,ITA,Italy,2008,2008,7,,
VNM,Viet Nam,B12,Outflows of foreign population by nationality,TOT,Total,ITA,Italy,2009,2009,7,,
VNM,Viet Nam,B12,Outflows of foreign population by nationality,TOT,Total,ITA,Italy,2010,2010,7,,
VNM,Viet Nam,B12,Outflows of foreign population by nationality,TOT,Total,ITA,Italy,2011,2011,10,,
VNM,Viet Nam,B12,Outflows of foreign population by nationality,TOT,Total,ITA,Italy,2012,2012,9,,
VNM,Viet Nam,B12,Outflows of foreign population by nationality,TOT,Total,ITA,Italy,2013,2013,12,,
VNM,Viet Nam,B12,Outflows of foreign population by nationality,TOT,Total,ITA,Italy,2014,2014,14,,
VNM,Viet Nam,B12,Outflows of foreign population by nationality,TOT,Total,ITA,Italy,2015,2015,14,,
VNM,Viet Nam,B12,Outflows of foreign population by nationality,TOT,Total,ITA,Italy,2016,2016,21,,
VNM,Viet Nam,B12,Outflows of foreign population by nationality,TOT,Total,ITA,Italy,2017,2017,12,,
VNM,Viet Nam,B12,Outflows of foreign population by nationality,TOT,Total,ITA,Italy,2018,2018,11,,
VNM,Viet Nam,B12,Outflows of foreign population by nationality,TOT,Total,ITA,Italy,2019,2019,15,,
VNM,Viet Nam,B12,Outflows of foreign population by nationality,TOT,Total,ITA,Italy,2020,2020,19,,
VNM,Viet Nam,B12,Outflows of foreign population by nationality,TOT,Total,JPN,Japan,2006,2006,4434,,
VNM,Viet Nam,B12,Outflows of foreign population by nationality,TOT,Total,JPN,Japan,2007,2007,4593,,
VNM,Viet Nam,B12,Outflows of foreign population by nationality,TOT,Total,JPN,Japan,2008,2008,7160,,
VNM,Viet Nam,B12,Outflows of foreign population by nationality,TOT,Total,JPN,Japan,2009,2009,9895,,
VNM,Viet Nam,B12,Outflows of foreign population by nationality,TOT,Total,JPN,Japan,2010,2010,10025,,
VNM,Viet Nam,B12,Outflows of foreign population by nationality,TOT,Total,JPN,Japan,2011,2011,9971,,
VNM,Viet Nam,B12,Outflows of foreign population by nationality,TOT,Total,JPN,Japan,2012,2012,9796,,
VNM,Viet Nam,B12,Outflows of foreign population by nationality,TOT,Total,JPN,Japan,2013,2013,10427,,
VNM,Viet Nam,B12,Outflows of foreign population by nationality,TOT,Total,JPN,Japan,2014,2014,12461,,
VNM,Viet Nam,B12,Outflows of foreign population by nationality,TOT,Total,JPN,Japan,2015,2015,14365,,
VNM,Viet Nam,B12,Outflows of foreign population by nationality,TOT,Total,JPN,Japan,2016,2016,18376,,
VNM,Viet Nam,B12,Outflows of foreign population by nationality,TOT,Total,JPN,Japan,2017,2017,28069,,
VNM,Viet Nam,B12,Outflows of foreign population by nationality,TOT,Total,JPN,Japan,2018,2018,40511,,
VNM,Viet Nam,B12,Outflows of foreign population by nationality,TOT,Total,JPN,Japan,2019,2019,52566,,
VNM,Viet Nam,B12,Outflows of foreign population by nationality,TOT,Total,JPN,Japan,2020,2020,21529,,
VNM,Viet Nam,B12,Outflows of foreign population by nationality,TOT,Total,KOR,Korea,2000,2000,1588,,
VNM,Viet Nam,B12,Outflows of foreign population by nationality,TOT,Total,KOR,Korea,2001,2001,1839,,
VNM,Viet Nam,B12,Outflows of foreign population by nationality,TOT,Total,KOR,Korea,2002,2002,1886,,
VNM,Viet Nam,B12,Outflows of foreign population by nationality,TOT,Total,KOR,Korea,2003,2003,4179,,
VNM,Viet Nam,B12,Outflows of foreign population by nationality,TOT,Total,KOR,Korea,2004,2004,3601,,
VNM,Viet Nam,B12,Outflows of foreign population by nationality,TOT,Total,KOR,Korea,2005,2005,7940,,
VNM,Viet Nam,B12,Outflows of foreign population by nationality,TOT,Total,KOR,Korea,2006,2006,4585,,
VNM,Viet Nam,B12,Outflows of foreign population by nationality,TOT,Total,KOR,Korea,2007,2007,4922,,
VNM,Viet Nam,B12,Outflows of foreign population by nationality,TOT,Total,KOR,Korea,2008,2008,7998,,
VNM,Viet Nam,B12,Outflows of foreign population by nationality,TOT,Total,KOR,Korea,2009,2009,9821,,
VNM,Viet Nam,B12,Outflows of foreign population by nationality,TOT,Total,KOR,Korea,2010,2010,9488,,
VNM,Viet Nam,B12,Outflows of foreign population by nationality,TOT,Total,KOR,Korea,2011,2011,14155,,
VNM,Viet Nam,B12,Outflows of foreign population by nationality,TOT,Total,KOR,Korea,2012,2012,18573,,
VNM,Viet Nam,B12,Outflows of foreign population by nationality,TOT,Total,KOR,Korea,2013,2013,20484,,
VNM,Viet Nam,B12,Outflows of foreign population by nationality,TOT,Total,KOR,Korea,2014,2014,17740,,
VNM,Viet Nam,B12,Outflows of foreign population by nationality,TOT,Total,KOR,Korea,2015,2015,24533,,
VNM,Viet Nam,B12,Outflows of foreign population by nationality,TOT,Total,KOR,Korea,2016,2016,27711,,
VNM,Viet Nam,B12,Outflows of foreign population by nationality,TOT,Total,KOR,Korea,2017,2017,27447,,
VNM,Viet Nam,B12,Outflows of foreign population by nationality,TOT,Total,KOR,Korea,2018,2018,28034,,
VNM,Viet Nam,B12,Outflows of foreign population by nationality,TOT,Total,KOR,Korea,2019,2019,35080,,
VNM,Viet Nam,B12,Outflows of foreign population by nationality,TOT,Total,KOR,Korea,2020,2020,22719,,
VNM,Viet Nam,B12,Outflows of foreign population by nationality,TOT,Total,LUX,Luxembourg,2000,2000,2,,
VNM,Viet Nam,B12,Outflows of foreign population by nationality,TOT,Total,LUX,Luxembourg,2001,2001,11,,
VNM,Viet Nam,B12,Outflows of foreign population by nationality,TOT,Total,LUX,Luxembourg,2002,2002,13,,
VNM,Viet Nam,B12,Outflows of foreign population by nationality,TOT,Total,LUX,Luxembourg,2003,2003,2,,
VNM,Viet Nam,B12,Outflows of foreign population by nationality,TOT,Total,LUX,Luxembourg,2004,2004,15,,
VNM,Viet Nam,B12,Outflows of foreign population by nationality,TOT,Total,LUX,Luxembourg,2005,2005,4,,
VNM,Viet Nam,B12,Outflows of foreign population by nationality,TOT,Total,LUX,Luxembourg,2006,2006,14,,
VNM,Viet Nam,B12,Outflows of foreign population by nationality,TOT,Total,LUX,Luxembourg,2007,2007,11,,
VNM,Viet Nam,B12,Outflows of foreign population by nationality,TOT,Total,LUX,Luxembourg,2008,2008,11,,
VNM,Viet Nam,B12,Outflows of foreign population by nationality,TOT,Total,LUX,Luxembourg,2009,2009,4,,
VNM,Viet Nam,B12,Outflows of foreign population by nationality,TOT,Total,LUX,Luxembourg,2010,2010,13,,
VNM,Viet Nam,B12,Outflows of foreign population by nationality,TOT,Total,LUX,Luxembourg,2011,2011,11,,
VNM,Viet Nam,B12,Outflows of foreign population by nationality,TOT,Total,LUX,Luxembourg,2012,2012,12,,
VNM,Viet Nam,B12,Outflows of foreign population by nationality,TOT,Total,LUX,Luxembourg,2013,2013,14,,
VNM,Viet Nam,B12,Outflows of foreign population by nationality,TOT,Total,LUX,Luxembourg,2014,2014,21,,
VNM,Viet Nam,B12,Outflows of foreign population by nationality,TOT,Total,LUX,Luxembourg,2015,2015,19,,
VNM,Viet Nam,B12,Outflows of foreign population by nationality,TOT,Total,LUX,Luxembourg,2016,2016,15,,
VNM,Viet Nam,B12,Outflows of foreign population by nationality,TOT,Total,LUX,Luxembourg,2017,2017,18,,
VNM,Viet Nam,B12,Outflows of foreign population by nationality,TOT,Total,LUX,Luxembourg,2018,2018,13,,
VNM,Viet Nam,B12,Outflows of foreign population by nationality,TOT,Total,LUX,Luxembourg,2019,2019,12,,
VNM,Viet Nam,B12,Outflows of foreign population by nationality,TOT,Total,LUX,Luxembourg,2020,2020,4,,
VNM,Viet Nam,B12,Outflows of foreign population by nationality,TOT,Total,NLD,Netherlands,2000,2000,57,,
VNM,Viet Nam,B12,Outflows of foreign population by nationality,TOT,Total,NLD,Netherlands,2001,2001,70,,
VNM,Viet Nam,B12,Outflows of foreign population by nationality,TOT,Total,NLD,Netherlands,2002,2002,96,,
VNM,Viet Nam,B12,Outflows of foreign population by nationality,TOT,Total,NLD,Netherlands,2003,2003,143,,
VNM,Viet Nam,B12,Outflows of foreign population by nationality,TOT,Total,NLD,Netherlands,2004,2004,188,,
VNM,Viet Nam,B12,Outflows of foreign population by nationality,TOT,Total,NLD,Netherlands,2005,2005,208,,
VNM,Viet Nam,B12,Outflows of foreign population by nationality,TOT,Total,NLD,Netherlands,2006,2006,285,,
VNM,Viet Nam,B12,Outflows of foreign population by nationality,TOT,Total,NLD,Netherlands,2007,2007,298,,
VNM,Viet Nam,B12,Outflows of foreign population by nationality,TOT,Total,NLD,Netherlands,2008,2008,237,,
VNM,Viet Nam,B12,Outflows of foreign population by nationality,TOT,Total,NLD,Netherlands,2009,2009,188,,
VNM,Viet Nam,B12,Outflows of foreign population by nationality,TOT,Total,NLD,Netherlands,2010,2010,267,,
VNM,Viet Nam,B12,Outflows of foreign population by nationality,TOT,Total,NLD,Netherlands,2011,2011,225,,
VNM,Viet Nam,B12,Outflows of foreign population by nationality,TOT,Total,NLD,Netherlands,2012,2012,221,,
VNM,Viet Nam,B12,Outflows of foreign population by nationality,TOT,Total,NLD,Netherlands,2013,2013,269,,
VNM,Viet Nam,B12,Outflows of foreign population by nationality,TOT,Total,NLD,Netherlands,2014,2014,220,,
VNM,Viet Nam,B12,Outflows of foreign population by nationality,TOT,Total,NLD,Netherlands,2015,2015,209,,
VNM,Viet Nam,B12,Outflows of foreign population by nationality,TOT,Total,NLD,Netherlands,2016,2016,254,,
VNM,Viet Nam,B12,Outflows of foreign population by nationality,TOT,Total,NLD,Netherlands,2017,2017,336,,
VNM,Viet Nam,B12,Outflows of foreign population by nationality,TOT,Total,NLD,Netherlands,2018,2018,347,,
VNM,Viet Nam,B12,Outflows of foreign population by nationality,TOT,Total,NLD,Netherlands,2019,2019,463,,
VNM,Viet Nam,B12,Outflows of foreign population by nationality,TOT,Total,NZL,New Zealand,2000,2000,28,,
VNM,Viet Nam,B12,Outflows of foreign population by nationality,TOT,Total,NZL,New Zealand,2001,2001,93,,
VNM,Viet Nam,B12,Outflows of foreign population by nationality,TOT,Total,NZL,New Zealand,2002,2002,150,,
VNM,Viet Nam,B12,Outflows of foreign population by nationality,TOT,Total,NZL,New Zealand,2003,2003,273,,
VNM,Viet Nam,B12,Outflows of foreign population by nationality,TOT,Total,NZL,New Zealand,2004,2004,283,,
VNM,Viet Nam,B12,Outflows of foreign population by nationality,TOT,Total,NZL,New Zealand,2005,2005,275,,
VNM,Viet Nam,B12,Outflows of foreign population by nationality,TOT,Total,NZL,New Zealand,2006,2006,251,,
VNM,Viet Nam,B12,Outflows of foreign population by nationality,TOT,Total,NZL,New Zealand,2007,2007,211,,
VNM,Viet Nam,B12,Outflows of foreign population by nationality,TOT,Total,NZL,New Zealand,2008,2008,243,,
VNM,Viet Nam,B12,Outflows of foreign population by nationality,TOT,Total,NZL,New Zealand,2009,2009,214,,
VNM,Viet Nam,B12,Outflows of foreign population by nationality,TOT,Total,NZL,New Zealand,2010,2010,309,,
VNM,Viet Nam,B12,Outflows of foreign population by nationality,TOT,Total,NZL,New Zealand,2011,2011,339,,
VNM,Viet Nam,B12,Outflows of foreign population by nationality,TOT,Total,NZL,New Zealand,2012,2012,413,,
VNM,Viet Nam,B12,Outflows of foreign population by nationality,TOT,Total,NZL,New Zealand,2013,2013,402,,
VNM,Viet Nam,B12,Outflows of foreign population by nationality,TOT,Total,NZL,New Zealand,2014,2014,416,,
VNM,Viet Nam,B12,Outflows of foreign population by nationality,TOT,Total,NZL,New Zealand,2015,2015,374,,
VNM,Viet Nam,B12,Outflows of foreign population by nationality,TOT,Total,NZL,New Zealand,2016,2016,405,,
VNM,Viet Nam,B12,Outflows of foreign population by nationality,TOT,Total,NZL,New Zealand,2017,2017,440,,
VNM,Viet Nam,B12,Outflows of foreign population by nationality,TOT,Total,NZL,New Zealand,2018,2018,578,,
VNM,Viet Nam,B12,Outflows of foreign population by nationality,TOT,Total,NZL,New Zealand,2019,2019,655,,
VNM,Viet Nam,B12,Outflows of foreign population by nationality,TOT,Total,NZL,New Zealand,2020,2020,379,,
VNM,Viet Nam,B12,Outflows of foreign population by nationality,TOT,Total,NOR,Norway,2000,2000,28,,
VNM,Viet Nam,B12,Outflows of foreign population by nationality,TOT,Total,NOR,Norway,2001,2001,30,,
VNM,Viet Nam,B12,Outflows of foreign population by nationality,TOT,Total,NOR,Norway,2002,2002,31,,
VNM,Viet Nam,B12,Outflows of foreign population by nationality,TOT,Total,NOR,Norway,2003,2003,57,,
VNM,Viet Nam,B12,Outflows of foreign population by nationality,TOT,Total,NOR,Norway,2004,2004,87,,
VNM,Viet Nam,B12,Outflows of foreign population by nationality,TOT,Total,NOR,Norway,2005,2005,80,,
VNM,Viet Nam,B12,Outflows of foreign population by nationality,TOT,Total,NOR,Norway,2006,2006,102,,
VNM,Viet Nam,B12,Outflows of foreign population by nationality,TOT,Total,NOR,Norway,2007,2007,87,,
VNM,Viet Nam,B12,Outflows of foreign population by nationality,TOT,Total,NOR,Norway,2008,2008,90,,
VNM,Viet Nam,B12,Outflows of foreign population by nationality,TOT,Total,NOR,Norway,2009,2009,99,,
VNM,Viet Nam,B12,Outflows of foreign population by nationality,TOT,Total,NOR,Norway,2010,2010,115,,
VNM,Viet Nam,B12,Outflows of foreign population by nationality,TOT,Total,NOR,Norway,2011,2011,126,,
VNM,Viet Nam,B12,Outflows of foreign population by nationality,TOT,Total,NOR,Norway,2012,2012,134,,
VNM,Viet Nam,B12,Outflows of foreign population by nationality,TOT,Total,NOR,Norway,2013,2013,156,,
VNM,Viet Nam,B12,Outflows of foreign population by nationality,TOT,Total,NOR,Norway,2014,2014,125,,
VNM,Viet Nam,B12,Outflows of foreign population by nationality,TOT,Total,NOR,Norway,2015,2015,121,,
VNM,Viet Nam,B12,Outflows of foreign population by nationality,TOT,Total,NOR,Norway,2016,2016,148,,
VNM,Viet Nam,B12,Outflows of foreign population by nationality,TOT,Total,NOR,Norway,2017,2017,87,,
VNM,Viet Nam,B12,Outflows of foreign population by nationality,TOT,Total,NOR,Norway,2018,2018,69,,
VNM,Viet Nam,B12,Outflows of foreign population by nationality,TOT,Total,NOR,Norway,2019,2019,64,,
VNM,Viet Nam,B12,Outflows of foreign population by nationality,TOT,Total,NOR,Norway,2020,2020,95,,
VNM,Viet Nam,B12,Outflows of foreign population by nationality,TOT,Total,SVK,Slovak Republic,2003,2003,112,,
VNM,Viet Nam,B12,Outflows of foreign population by nationality,TOT,Total,SVK,Slovak Republic,2004,2004,91,,
VNM,Viet Nam,B12,Outflows of foreign population by nationality,TOT,Total,SVK,Slovak Republic,2005,2005,23,,
VNM,Viet Nam,B12,Outflows of foreign population by nationality,TOT,Total,SVK,Slovak Republic,2006,2006,2,,
VNM,Viet Nam,B12,Outflows of foreign population by nationality,TOT,Total,SVK,Slovak Republic,2007,2007,30,,
VNM,Viet Nam,B12,Outflows of foreign population by nationality,TOT,Total,SVK,Slovak Republic,2008,2008,3,,
VNM,Viet Nam,B12,Outflows of foreign population by nationality,TOT,Total,SVK,Slovak Republic,2009,2009,343,,
VNM,Viet Nam,B12,Outflows of foreign population by nationality,TOT,Total,SVK,Slovak Republic,2010,2010,181,,
VNM,Viet Nam,B12,Outflows of foreign population by nationality,TOT,Total,SVK,Slovak Republic,2011,2011,66,,
VNM,Viet Nam,B12,Outflows of foreign population by nationality,TOT,Total,SVK,Slovak Republic,2013,2013,1,,
VNM,Viet Nam,B12,Outflows of foreign population by nationality,TOT,Total,SVK,Slovak Republic,2014,2014,1,,
VNM,Viet Nam,B12,Outflows of foreign population by nationality,TOT,Total,ESP,Spain,2002,2002,0,,
VNM,Viet Nam,B12,Outflows of foreign population by nationality,TOT,Total,ESP,Spain,2003,2003,0,,
VNM,Viet Nam,B12,Outflows of foreign population by nationality,TOT,Total,ESP,Spain,2004,2004,1,,
VNM,Viet Nam,B12,Outflows of foreign population by nationality,TOT,Total,ESP,Spain,2005,2005,4,,
VNM,Viet Nam,B12,Outflows of foreign population by nationality,TOT,Total,ESP,Spain,2006,2006,9,,
VNM,Viet Nam,B12,Outflows of foreign population by nationality,TOT,Total,ESP,Spain,2007,2007,30,,
VNM,Viet Nam,B12,Outflows of foreign population by nationality,TOT,Total,ESP,Spain,2008,2008,28,,
VNM,Viet Nam,B12,Outflows of foreign population by nationality,TOT,Total,ESP,Spain,2009,2009,37,,
VNM,Viet Nam,B12,Outflows of foreign population by nationality,TOT,Total,ESP,Spain,2010,2010,33,,
VNM,Viet Nam,B12,Outflows of foreign population by nationality,TOT,Total,ESP,Spain,2011,2011,57,,
VNM,Viet Nam,B12,Outflows of foreign population by nationality,TOT,Total,ESP,Spain,2012,2012,35,,
VNM,Viet Nam,B12,Outflows of foreign population by nationality,TOT,Total,ESP,Spain,2013,2013,74,,
VNM,Viet Nam,B12,Outflows of foreign population by nationality,TOT,Total,ESP,Spain,2014,2014,33,,
VNM,Viet Nam,B12,Outflows of foreign population by nationality,TOT,Total,ESP,Spain,2015,2015,42,,
VNM,Viet Nam,B12,Outflows of foreign population by nationality,TOT,Total,ESP,Spain,2016,2016,48,,
VNM,Viet Nam,B12,Outflows of foreign population by nationality,TOT,Total,ESP,Spain,2017,2017,79,,
VNM,Viet Nam,B12,Outflows of foreign population by nationality,TOT,Total,ESP,Spain,2018,2018,112,,
VNM,Viet Nam,B12,Outflows of foreign population by nationality,TOT,Total,ESP,Spain,2019,2019,136,,
VNM,Viet Nam,B12,Outflows of foreign population by nationality,TOT,Total,SWE,Sweden,2000,2000,11,,
VNM,Viet Nam,B12,Outflows of foreign population by nationality,TOT,Total,SWE,Sweden,2001,2001,12,,
VNM,Viet Nam,B12,Outflows of foreign population by nationality,TOT,Total,SWE,Sweden,2002,2002,19,,
VNM,Viet Nam,B12,Outflows of foreign population by nationality,TOT,Total,SWE,Sweden,2003,2003,20,,
VNM,Viet Nam,B12,Outflows of foreign population by nationality,TOT,Total,SWE,Sweden,2004,2004,26,,
VNM,Viet Nam,B12,Outflows of foreign population by nationality,TOT,Total,SWE,Sweden,2005,2005,21,,
VNM,Viet Nam,B12,Outflows of foreign population by nationality,TOT,Total,SWE,Sweden,2006,2006,50,,
VNM,Viet Nam,B12,Outflows of foreign population by nationality,TOT,Total,SWE,Sweden,2007,2007,45,,
VNM,Viet Nam,B12,Outflows of foreign population by nationality,TOT,Total,SWE,Sweden,2008,2008,44,,
VNM,Viet Nam,B12,Outflows of foreign population by nationality,TOT,Total,SWE,Sweden,2009,2009,29,,
VNM,Viet Nam,B12,Outflows of foreign population by nationality,TOT,Total,SWE,Sweden,2010,2010,41,,
VNM,Viet Nam,B12,Outflows of foreign population by nationality,TOT,Total,SWE,Sweden,2011,2011,85,,
VNM,Viet Nam,B12,Outflows of foreign population by nationality,TOT,Total,SWE,Sweden,2012,2012,112,,
VNM,Viet Nam,B12,Outflows of foreign population by nationality,TOT,Total,SWE,Sweden,2013,2013,83,,
VNM,Viet Nam,B12,Outflows of foreign population by nationality,TOT,Total,SWE,Sweden,2014,2014,113,,
VNM,Viet Nam,B12,Outflows of foreign population by nationality,TOT,Total,SWE,Sweden,2015,2015,218,,
VNM,Viet Nam,B12,Outflows of foreign population by nationality,TOT,Total,SWE,Sweden,2016,2016,77,,
VNM,Viet Nam,B12,Outflows of foreign population by nationality,TOT,Total,SWE,Sweden,2017,2017,86,,
VNM,Viet Nam,B12,Outflows of foreign population by nationality,TOT,Total,SWE,Sweden,2018,2018,88,,
VNM,Viet Nam,B12,Outflows of foreign population by nationality,TOT,Total,SWE,Sweden,2019,2019,109,,
VNM,Viet Nam,B12,Outflows of foreign population by nationality,TOT,Total,SWE,Sweden,2020,2020,140,,
VNM,Viet Nam,B12,Outflows of foreign population by nationality,TOT,Total,CHE,Switzerland,2010,2010,230,,
VNM,Viet Nam,B12,Outflows of foreign population by nationality,TOT,Total,CHE,Switzerland,2011,2011,234,,
VNM,Viet Nam,B12,Outflows of foreign population by nationality,TOT,Total,CHE,Switzerland,2012,2012,234,,
VNM,Viet Nam,B12,Outflows of foreign population by nationality,TOT,Total,CHE,Switzerland,2013,2013,222,,
VNM,Viet Nam,B12,Outflows of foreign population by nationality,TOT,Total,CHE,Switzerland,2014,2014,215,,
VNM,Viet Nam,B12,Outflows of foreign population by nationality,TOT,Total,CHE,Switzerland,2015,2015,207,,
VNM,Viet Nam,B12,Outflows of foreign population by nationality,TOT,Total,CHE,Switzerland,2016,2016,220,,
VNM,Viet Nam,B12,Outflows of foreign population by nationality,TOT,Total,CHE,Switzerland,2017,2017,246,,
VNM,Viet Nam,B12,Outflows of foreign population by nationality,TOT,Total,CHE,Switzerland,2018,2018,265,,
VNM,Viet Nam,B12,Outflows of foreign population by nationality,TOT,Total,CHE,Switzerland,2019,2019,275,,
VNM,Viet Nam,B12,Outflows of foreign population by nationality,TOT,Total,CHE,Switzerland,2020,2020,339,,
VNM,Viet Nam,B12,Outflows of foreign population by nationality,TOT,Total,GBR,United Kingdom,2000,2000,0,,
VNM,Viet Nam,B12,Outflows of foreign population by nationality,TOT,Total,GBR,United Kingdom,2001,2001,201,,
VNM,Viet Nam,B12,Outflows of foreign population by nationality,TOT,Total,GBR,United Kingdom,2014,2014,1000,,
VNM,Viet Nam,B12,Outflows of foreign population by nationality,TOT,Total,EST,Estonia,2017,2017,10,,
VNM,Viet Nam,B12,Outflows of foreign population by nationality,TOT,Total,EST,Estonia,2018,2018,2,,
VNM,Viet Nam,B12,Outflows of foreign population by nationality,TOT,Total,EST,Estonia,2019,2019,1,,
VNM,Viet Nam,B12,Outflows of foreign population by nationality,TOT,Total,SVN,Slovenia,2008,2008,0,,
VNM,Viet Nam,B12,Outflows of foreign population by nationality,TOT,Total,SVN,Slovenia,2009,2009,0,,
VNM,Viet Nam,B12,Outflows of foreign population by nationality,TOT,Total,SVN,Slovenia,2010,2010,1,,
VNM,Viet Nam,B12,Outflows of foreign population by nationality,TOT,Total,SVN,Slovenia,2011,2011,0,,
VNM,Viet Nam,B12,Outflows of foreign population by nationality,TOT,Total,SVN,Slovenia,2012,2012,0,,
VNM,Viet Nam,B12,Outflows of foreign population by nationality,TOT,Total,SVN,Slovenia,2013,2013,2,,
VNM,Viet Nam,B12,Outflows of foreign population by nationality,TOT,Total,SVN,Slovenia,2014,2014,0,,
VNM,Viet Nam,B12,Outflows of foreign population by nationality,TOT,Total,SVN,Slovenia,2015,2015,1,,
VNM,Viet Nam,B12,Outflows of foreign population by nationality,TOT,Total,SVN,Slovenia,2016,2016,0,,
VNM,Viet Nam,B12,Outflows of foreign population by nationality,TOT,Total,SVN,Slovenia,2017,2017,2,,
VNM,Viet Nam,B12,Outflows of foreign population by nationality,TOT,Total,SVN,Slovenia,2018,2018,1,,
VNM,Viet Nam,B12,Outflows of foreign population by nationality,TOT,Total,SVN,Slovenia,2019,2019,1,,
VNM,Viet Nam,B12,Outflows of foreign population by nationality,TOT,Total,SVN,Slovenia,2020,2020,2,,
VNM,Viet Nam,B12,Outflows of foreign population by nationality,TOT,Total,LVA,Latvia,2020,2020,16,,
VNM,Viet Nam,B12,Outflows of foreign population by nationality,TOT,Total,TUR,Türkiye,2016,2016,161,,
VNM,Viet Nam,B12,Outflows of foreign population by nationality,TOT,Total,TUR,Türkiye,2017,2017,386,,
